experiment_id,fault_target,fault_type,is_fault,traffic_rate_rps,run_number
EXP-001,NO_FAULT,NO_FAULT,False,1,1
EXP-002,NO_FAULT,NO_FAULT,False,1,2
EXP-003,NO_FAULT,NO_FAULT,False,1,3
EXP-004,NO_FAULT,NO_FAULT,False,1,4
EXP-005,NO_FAULT,NO_FAULT,False,5,1
EXP-006,NO_FAULT,NO_FAULT,False,5,2
EXP-007,NO_FAULT,NO_FAULT,False,5,3
EXP-008,NO_FAULT,NO_FAULT,False,15,1
EXP-009,NO_FAULT,NO_FAULT,False,15,2
EXP-010,NO_FAULT,NO_FAULT,False,15,3
EXP-011,inventory-db,DB_LATENCY,True,1,1
EXP-012,inventory-db,DB_LATENCY,True,1,1
EXP-013,inventory-db,DB_LATENCY,True,1,1
EXP-014,inventory-db,DB_LATENCY,True,1,1
EXP-015,inventory-db,DB_LATENCY,True,1,1
EXP-016,inventory-db,DB_LATENCY,True,1,1
EXP-017,inventory-db,DB_LATENCY,True,1,1
EXP-018,inventory-db,DB_LATENCY,True,1,1
EXP-019,inventory-db,DB_LATENCY,True,1,1
EXP-020,inventory-db,DB_LATENCY,True,1,1
EXP-021,inventory-db,DB_LATENCY,True,5,1
EXP-022,inventory-db,DB_LATENCY,True,5,1
EXP-023,inventory-db,DB_LATENCY,True,15,1
EXP-024,inventory-db,DB_LATENCY,True,15,1
EXP-025,inventory-db,DB_LATENCY,True,1,2
EXP-026,inventory-db,DB_LATENCY,True,1,2
EXP-027,inventory-db,DB_LATENCY,True,1,2
EXP-028,inventory-db,DB_LATENCY,True,1,2
EXP-029,inventory-service,NETWORK_LATENCY,True,1,1
EXP-030,inventory-service,NETWORK_LATENCY,True,1,1
EXP-031,inventory-service,NETWORK_LATENCY,True,5,1
EXP-032,inventory-service,NETWORK_LATENCY,True,1,1
EXP-033,inventory-service,NETWORK_LATENCY,True,5,1
EXP-034,inventory-service,NETWORK_LATENCY,True,1,1
EXP-035,inventory-service,NETWORK_LATENCY,True,1,1
EXP-036,inventory-service,NETWORK_LATENCY,True,1,2
EXP-037,inventory-service,SERVICE_LATENCY,True,1,1
EXP-038,inventory-service,SERVICE_LATENCY,True,1,1
EXP-039,inventory-service,SERVICE_LATENCY,True,15,1
EXP-040,inventory-service,SERVICE_LATENCY,True,1,1
EXP-041,inventory-service,SERVICE_LATENCY,True,1,1
EXP-042,inventory-service,SERVICE_LATENCY,True,1,1
EXP-043,inventory-service,SERVICE_FAILURE,True,1,1
EXP-044,inventory-service,SERVICE_FAILURE,True,5,1
EXP-045,inventory-service,SERVICE_FAILURE,True,15,1
EXP-046,order-service,SERVICE_LATENCY,True,1,1
EXP-047,order-service,SERVICE_LATENCY,True,5,1
EXP-048,order-service,SERVICE_LATENCY,True,1,1
EXP-049,order-service,SERVICE_LATENCY,True,5,1
EXP-050,order-service,SERVICE_LATENCY,True,1,1
EXP-051,order-service,SERVICE_LATENCY,True,1,1
EXP-052,order-service,SERVICE_LATENCY,True,1,1
EXP-053,order-service,SERVICE_LATENCY,True,1,1
EXP-054,order-service,SERVICE_LATENCY,True,1,2
EXP-055,order-service,ERROR_RATE,True,1,1
EXP-056,order-service,ERROR_RATE,True,1,1
EXP-057,order-service,ERROR_RATE,True,5,1
EXP-058,order-service,ERROR_RATE,True,1,1
EXP-059,order-service,ERROR_RATE,True,1,1
EXP-060,order-service,ERROR_RATE,True,1,1
EXP-061,order-service,SERVICE_FAILURE,True,1,1
EXP-062,order-service,SERVICE_FAILURE,True,5,1
EXP-063,payment-service,SERVICE_FAILURE,True,1,1
EXP-064,payment-service,SERVICE_FAILURE,True,5,1
EXP-065,payment-service,SERVICE_FAILURE,True,15,1
EXP-066,payment-service,SERVICE_FAILURE,True,1,2
EXP-067,payment-service,ERROR_RATE,True,1,1
EXP-068,payment-service,ERROR_RATE,True,5,1
EXP-069,payment-service,ERROR_RATE,True,15,1
EXP-070,payment-service,ERROR_RATE,True,1,1
EXP-071,payment-service,ERROR_RATE,True,5,1
EXP-072,payment-service,ERROR_RATE,True,1,1
EXP-073,payment-service,ERROR_RATE,True,1,1
EXP-074,payment-service,NETWORK_LATENCY,True,1,1
EXP-075,payment-service,NETWORK_LATENCY,True,1,1
EXP-076,payment-service,NETWORK_LATENCY,True,1,1
EXP-077,payment-service,NETWORK_LATENCY,True,1,1
EXP-078,payment-service,NETWORK_LATENCY,True,1,1
EXP-079,payment-service,SERVICE_LATENCY,True,1,1
EXP-080,payment-service,SERVICE_LATENCY,True,5,1
